	H3	H10	H14	H2	H9	H1	H8	H12	H4	H15	H11	H5	H13	H7	H6	C4	C5	C6	C12	C1	C11	C7	C3	C2	C8	C10	C9	B3	B7	B5	B1	B8	B6	B9	B4	B2
G	-0.5	-0.5	-1.5	-1.5	-0.5	-0.5	-1.5	-2.5	-1.5	-1.5	-2.5	-2.5	-0.5	0.5	-0.5	-0.5	2.5	-2.5	-2.5	0.5	0.5	-1.5	1.5	0.5	2.5	-0.5	2.5	0.5	-2.5	-0.5	-2.5	-0.5	-2.5	0.5	-0.5	-0.5
P	1.5	-0.5	-2.5	-2.5	-2.5	-0.5	-2.5	-2.5	-2.5	-2.5	-2.5	-2.5	2.5	0.5	-2.5	-2.5	-2.5	-2.5	2.5	-2.5	-2.5	-2.5	-0.5	2.5	1.5	-0.5	-2.5	-2.5	0.5	-2.5	-2.5	-2.5	-2.5	-1.5	-2.5	1.5
D	-0.5	1.5	1.5	-2.5	-1.5	1.5	-2.5	-2.5	-0.5	0.5	-1.5	-2.5	0.5	-2.5	-0.5	-1.5	-0.5	-2.5	1.5	1.5	0.5	-2.5	1.5	0.5	0.5	0.5	0.5	-0.5	-0.5	-2.5	-2.5	-1.5	-2.5	-0.5	-2.5	2.5
E	0.5	1.5	1.5	-2.5	-0.5	1.5	-0.5	-2.5	0.5	1.5	-0.5	-1.5	1.5	-2.5	-2.5	-0.5	-1.5	-1.5	0.5	-2.5	0.5	-2.5	-0.5	0.5	-0.5	0.5	-0.5	0.5	0.5	-2.5	-2.5	-0.5	-2.5	0.5	-2.5	-0.5
K	-0.5	0.5	0.5	-2.5	0.5	0.5	0.5	-2.5	1.5	1.5	0.5	-0.5	1.5	-2.5	-0.5	0.5	-0.5	-0.5	0.5	-2.5	0.5	-2.5	0.5	-0.5	-0.5	0.5	-0.5	1.5	1.5	-2.5	-2.5	-0.5	-2.5	0.5	-1.5	-1.5
R	-0.5	0.5	-0.5	-0.5	0.5	0.5	0.5	-2.5	1.5	0.5	-0.5	-0.5	-0.5	-2.5	0.5	0.5	-1.5	-0.5	0.5	-1.5	0.5	-0.5	-0.5	-0.5	-1.5	0.5	-1.5	1.5	1.5	-2.5	-2.5	0.5	-2.5	0.5	-0.5	-0.5
H	-0.5	0.5	0.5	-0.5	-0.5	-0.5	-0.5	-2.5	0.5	0.5	0.5	-0.5	-2.5	0.5	0.5	1.5	-0.5	-0.5	-0.5	0.5	0.5	0.5	0.5	0.5	0.5	0.5	-0.5	1.5	0.5	-1.5	-2.5	0.5	-1.5	0.5	-0.5	0.5
S	-0.5	0.5	-0.5	-1.5	-0.5	0.5	-0.5	-2.5	-0.5	0.5	-0.5	-0.5	0.5	0.5	0.5	-0.5	-1.5	-2.5	-0.5	1.5	0.5	-1.5	0.5	0.5	0.5	0.5	-0.5	0.5	1.5	-2.5	-2.5	-0.5	-2.5	0.5	-0.5	1.5
T	-0.5	-0.5	0.5	-0.5	-0.5	-0.5	-0.5	-2.5	-0.5	-0.5	-0.5	0.5	0.5	0.5	-0.5	-1.5	-2.5	-1.5	0.5	1.5	0.5	0.5	0.5	0.5	-0.5	0.5	-0.5	0.5	1.5	-1.5	-0.5	0.5	-1.5	1.5	-0.5	0.5
N	-1.5	0.5	-0.5	-1.5	-0.5	0.5	-0.5	-2.5	0.5	0.5	-0.5	-2.5	1.5	-1.5	1.5	0.5	1.5	-2.5	0.5	1.5	1.5	-2.5	1.5	0.5	0.5	0.5	1.5	0.5	0.5	-2.5	-2.5	-0.5	-2.5	0.5	-2.5	1.5
Q	-0.5	0.5	1.5	-0.5	0.5	1.5	0.5	-2.5	0.5	1.5	0.5	-1.5	0.5	-0.5	0.5	0.5	0.5	-0.5	0.5	-2.5	0.5	-0.5	-0.5	-0.5	-0.5	0.5	-1.5	1.5	0.5	-2.5	-2.5	-0.5	-2.5	0.5	-1.5	-0.5
A	0.5	0.5	-0.5	0.5	0.5	0.5	0.5	0.5	0.5	0.5	0.5	-0.5	0.5	0.5	-0.5	0.5	-2.5	0.5	-0.5	-2.5	0.5	-0.5	-0.5	-0.5	-2.5	-0.5	-1.5	-0.5	-0.5	-0.5	-0.5	0.5	-0.5	-0.5	-0.5	-1.5
M	-0.5	-2.5	-0.5	1.5	0.5	-1.5	0.5	1.5	0.5	-1.5	0.5	0.5	-2.5	1.5	0.5	0.5	-2.5	1.5	-2.5	-2.5	-0.5	0.5	-0.5	-1.5	-2.5	0.5	-2.5	-1.5	-1.5	0.5	0.5	0.5	0.5	-0.5	0.5	-2.5
Y	-0.5	-1.5	-0.5	0.5	0.5	-1.5	0.5	0.5	-1.5	-2.5	0.5	1.5	-1.5	0.5	1.5	0.5	-2.5	0.5	-2.5	-1.5	-2.5	0.5	-1.5	-1.5	-1.5	-0.5	-1.5	-0.5	-0.5	1.5	1.5	0.5	1.5	-0.5	0.5	-2.5
W	0.5	-0.5	-1.5	-0.5	0.5	-1.5	0.5	0.5	-1.5	-1.5	0.5	0.5	-2.5	1.5	1.5	-0.5	-2.5	0.5	-2.5	-2.5	-1.5	1.5	-2.5	-1.5	-2.5	-0.5	-1.5	-2.5	0.5	0.5	1.5	-0.5	1.5	-1.5	1.5	-1.5
V	-0.5	-2.5	-0.5	0.5	0.5	-2.5	-0.5	0.5	-0.5	-2.5	-0.5	-0.5	-2.5	0.5	-1.5	-1.5	-2.5	1.5	-2.5	-2.5	-2.5	0.5	-2.5	-2.5	-2.5	-0.5	-2.5	-2.5	-2.5	1.5	1.5	0.5	1.5	-2.5	1.5	-2.5
I	-0.5	-2.5	-1.5	1.5	0.5	-2.5	0.5	1.5	-0.5	-2.5	0.5	0.5	-1.5	-0.5	-1.5	-1.5	-2.5	1.5	-2.5	-2.5	-2.5	0.5	-2.5	-2.5	-2.5	-1.5	-2.5	-2.5	-2.5	1.5	2.5	0.5	2.5	-2.5	1.5	-2.5
L	-0.5	-2.5	-1.5	1.5	0.5	-2.5	0.5	1.5	-0.5	-1.5	0.5	1.5	-1.5	0.5	0.5	0.5	-2.5	1.5	-2.5	-2.5	-2.5	1.5	-2.5	-2.5	-2.5	-1.5	-2.5	-2.5	-2.5	0.5	0.5	0.5	0.5	-2.5	0.5	-2.5
F	-0.5	-2.5	-1.5	0.5	-0.5	-2.5	0.5	0.5	-2.5	-2.5	0.5	1.5	-0.5	0.5	1.5	-0.5	-2.5	0.5	-2.5	-2.5	-1.5	1.5	-2.5	-2.5	-2.5	-0.5	-1.5	-2.5	-2.5	1.5	1.5	0.5	1.5	-2.5	1.5	-2.5
C	-0.5	-2.5	-2.5	0.5	-0.5	-2.5	0.5	0.5	-0.5	-2.5	-0.5	0.5	-2.5	1.5	1.5	0.5	-1.5	0.5	-2.5	0.5	-2.5	1.5	-0.5	-1.5	-0.5	0.5	-1.5	-2.5	0.5	0.5	0.5	0.5	0.5	0.5	1.5	-1.5
